{"cameraMode":{"drawMode":0,"name":"Shaded","section":"Shading Mode"},"sceneLighting":true,"audioPlay":false,"sceneViewState":{"m_AlwaysRefresh":false,"showFog":true,"showSkybox":true,"showFlares":true,"showImageEffects":true,"showParticleSystems":true,"showVisualEffectGraphs":true,"m_FxEnabled":true},"in2DMode":false,"pivot":{"x":3.2359485626220705,"y":1.6972026824951172,"z":-22.776485443115236},"rotation":{"x":-0.26265817880630495,"y":0.6347756385803223,"z":-0.24351486563682557,"w":-0.6846758723258972},"size":17.584674835205079,"orthographic":false}